{
  "project_info": {
    "project_number": "723594552775",
    "project_id": "rapid-v1",
    "storage_bucket": "rapid-v1.appspot.com"
  },
  "client": [
    {
      "client_info": {
        "mobilesdk_app_id": "1:723594552775:android:0e38127a5a28b239e5a5e2",
        "android_client_info": {
          "package_name": "com.example.test"
        }
      },
      "oauth_client": [],
      "api_key": [
        {
          "current_key": "AIzaSyA29EkEpLFDj11WNTLpUabg129U56eEmrI"
        }
      ],
      "services": {
        "appinvite_service": {
          "other_platform_oauth_client": []
        }
      }
    }
  ],
  "configuration_version": "1"
}